workload,arm,mode,total_decisions,local_serves,wrong_serves,wrong_serve_rate_pct,wilson_ci_lower_pct,wilson_ci_upper_pct,rule_of_three_upper_pct,cost_weighted_error,teacher_agreement_pct,outcome_correctness_pct,eligible_site_call_reduction_pct,whole_app_call_reduction_pct,eligible_site_cost_reduction_pct,whole_app_spend_reduction_pct,net_savings_usd,latency_e2e_p95,latency_workflow_p95,wrong_serves_before_revocation,revocations
support,original_model,baseline,1500,0,0,0.0,0.0,100.0,100.0,0.0,100.0,97.8,0.0,0.0,0.0,0.0,0.0,148.11,648.11,0,0
support,exact_cache,passive_drift,1500,921,153,16.6124,14.3483,19.1538,19.1538,741.0,88.93,89.2,61.4,12.28,61.19,12.24,0.369,145.38,645.38,151,0
support,exact_cache,passive_drift,1500,736,117,15.8967,13.4331,18.7145,18.7145,569.0,91.47,91.27,49.07,9.81,48.76,9.75,0.294035,146.54,646.54,117,0
support,exact_cache,passive_drift,1500,646,95,14.7059,12.1835,17.6455,17.6455,475.0,93.0,92.67,43.07,8.61,42.72,8.54,0.257628,147.0,647.0,95,0
support,exact_cache,passive_drift,1500,618,95,15.3722,12.7432,18.429,18.429,475.0,93.0,92.67,41.2,8.24,40.84,8.17,0.24628,147.12,647.12,95,0
support,exact_cache,passive_drift,1500,713,110,15.4278,12.9623,18.2638,18.2638,534.0,91.93,91.73,47.53,9.51,47.23,9.45,0.284825,146.98,646.98,110,0
support,semantic_cache,passive_drift,1500,1500,270,18.0,16.1383,20.0252,20.0252,1350.0,80.53,82.0,100.0,20.0,100.0,20.0,0.603083,0.03,500.03,180,0
support,semantic_cache,passive_drift,1500,1500,270,18.0,16.1383,20.0252,20.0252,1350.0,80.53,82.0,100.0,20.0,100.0,20.0,0.603083,0.03,500.03,180,0
support,semantic_cache,passive_drift,1500,1500,270,18.0,16.1383,20.0252,20.0252,1350.0,80.53,82.0,100.0,20.0,100.0,20.0,0.603083,0.03,500.03,180,0
support,semantic_cache,passive_drift,1500,1500,270,18.0,16.1383,20.0252,20.0252,1350.0,80.53,82.0,100.0,20.0,100.0,20.0,0.603083,0.03,500.03,180,0
support,semantic_cache,passive_drift,1500,1500,270,18.0,16.1383,20.0252,20.0252,1350.0,80.53,82.0,100.0,20.0,100.0,20.0,0.603083,0.03,500.03,180,0
support,semantic_cache,passive_drift,1500,1500,270,18.0,16.1383,20.0252,20.0252,1350.0,80.53,82.0,100.0,20.0,100.0,20.0,0.603083,0.03,500.03,180,0
support,semantic_cache,passive_drift,1500,1500,270,18.0,16.1383,20.0252,20.0252,1350.0,80.53,82.0,100.0,20.0,100.0,20.0,0.603083,0.03,500.03,180,0
support,semantic_cache,passive_drift,1500,1500,270,18.0,16.1383,20.0252,20.0252,1350.0,80.53,82.0,100.0,20.0,100.0,20.0,0.603083,0.03,500.03,180,0
support,semantic_cache,passive_drift,1500,1500,270,18.0,16.1383,20.0252,20.0252,1350.0,80.53,82.0,100.0,20.0,100.0,20.0,0.603083,0.03,500.03,180,0
support,cheap_model,passive_drift,1500,0,0,0.0,0.0,100.0,100.0,0.0,86.53,88.13,100.0,20.0,94.0,18.8,0.566898,41.29,541.29,0,0
support,cheap_model,passive_drift,1500,0,0,0.0,0.0,100.0,100.0,0.0,93.73,95.27,92.6,18.52,86.6,17.32,0.52227,161.57,661.57,0,0
support,cheap_model,passive_drift,1500,0,0,0.0,0.0,100.0,100.0,0.0,98.2,99.6,88.13,17.63,82.12,16.42,0.495253,168.47,668.47,0,0
support,cheap_model,passive_drift,1500,0,0,0.0,0.0,100.0,100.0,0.0,98.47,99.33,62.2,12.44,56.19,11.24,0.338883,181.34,681.34,0,0
support,cheap_model,passive_drift,1500,0,0,0.0,0.0,100.0,100.0,0.0,98.93,98.87,44.6,8.92,38.57,7.71,0.232618,182.41,682.41,0,0
support,cheap_model,passive_drift,1500,0,0,0.0,0.0,100.0,100.0,0.0,99.27,98.53,27.47,5.49,21.46,4.29,0.129413,183.83,683.83,0,0
support,cheap_model,passive_drift,1500,0,0,0.0,0.0,100.0,100.0,0.0,99.73,98.07,11.33,2.27,5.34,1.07,0.032195,184.3,684.3,0,0
support,small_classifier,passive_drift,1500,1500,270,18.0,16.1383,20.0252,20.0252,1350.0,80.53,82.0,100.0,20.0,100.0,20.0,0.603079,0.02,500.02,180,0
support,small_classifier,passive_drift,1500,1500,270,18.0,16.1383,20.0252,20.0252,1350.0,80.53,82.0,100.0,20.0,100.0,20.0,0.603079,0.02,500.02,180,0
support,small_classifier,passive_drift,1500,1500,270,18.0,16.1383,20.0252,20.0252,1350.0,80.53,82.0,100.0,20.0,100.0,20.0,0.603079,0.02,500.02,180,0
support,small_classifier,passive_drift,1500,1500,270,18.0,16.1383,20.0252,20.0252,1350.0,80.53,82.0,100.0,20.0,100.0,20.0,0.603079,0.02,500.02,180,0
support,small_classifier,passive_drift,1500,1500,270,18.0,16.1383,20.0252,20.0252,1350.0,80.53,82.0,100.0,20.0,100.0,20.0,0.603079,0.02,500.02,180,0
support,small_classifier,passive_drift,1500,1500,270,18.0,16.1383,20.0252,20.0252,1350.0,80.53,82.0,100.0,20.0,100.0,20.0,0.603079,0.02,500.02,180,0
support,small_classifier,passive_drift,1500,1500,270,18.0,16.1383,20.0252,20.0252,1350.0,80.53,82.0,100.0,20.0,100.0,20.0,0.603079,0.02,500.02,180,0
support,small_classifier,passive_drift,1500,1500,270,18.0,16.1383,20.0252,20.0252,1350.0,80.53,82.0,100.0,20.0,100.0,20.0,0.603079,0.02,500.02,180,0
support,small_classifier,passive_drift,1500,1500,270,18.0,16.1383,20.0252,20.0252,1350.0,80.53,82.0,100.0,20.0,100.0,20.0,0.603079,0.02,500.02,180,0
support,microloop,passive_drift,1500,301,8,2.6578,1.3528,5.156,5.156,40.0,98.87,97.87,20.07,4.01,17.8,3.56,0.10734,168.99,668.99,8,1
support,microloop,passive_drift,1500,299,8,2.6756,1.3619,5.1899,5.1899,40.0,98.8,97.93,19.93,3.99,17.54,3.51,0.10579,169.21,669.21,8,1
support,microloop,passive_drift,1500,295,8,2.7119,1.3804,5.259,5.259,40.0,98.87,97.87,19.67,3.93,17.01,3.4,0.102555,168.97,668.97,8,1
support,microloop,passive_drift,1500,312,8,2.5641,1.3049,4.9772,4.9772,40.0,98.73,98.0,20.8,4.16,19.26,3.85,0.11613,169.54,669.54,8,1
support,microloop,passive_drift,1500,306,8,2.6144,1.3306,5.0732,5.0732,40.0,98.8,97.93,20.4,4.08,18.46,3.69,0.11132,169.1,669.1,8,1
support,exact_cache,explicit_change,1500,807,7,0.8674,0.4208,1.7796,1.7796,15.0,98.27,98.6,53.8,10.76,53.54,10.71,0.322873,146.06,646.06,5,0
support,exact_cache,explicit_change,1500,636,0,0.0,0.0,0.6004,0.4717,0.0,98.8,99.0,42.4,8.48,42.06,8.41,0.253635,147.0,647.0,0,0
support,exact_cache,explicit_change,1500,591,0,0.0,0.0,0.6458,0.5076,0.0,98.8,99.0,39.4,7.88,39.05,7.81,0.235515,147.17,647.17,0,0
support,exact_cache,explicit_change,1500,567,0,0.0,0.0,0.6729,0.5291,0.0,98.8,99.0,37.8,7.56,37.47,7.49,0.225945,147.17,647.17,0,0
support,exact_cache,explicit_change,1500,630,0,0.0,0.0,0.6061,0.4762,0.0,98.8,99.0,42.0,8.4,41.66,8.33,0.251243,147.04,647.04,0,0
support,semantic_cache,explicit_change,1500,600,0,0.0,0.0,0.6362,0.5,0.0,98.93,98.87,40.0,8.0,39.97,7.99,0.241033,146.74,646.74,0,0
support,semantic_cache,explicit_change,1500,600,0,0.0,0.0,0.6362,0.5,0.0,98.93,98.87,40.0,8.0,39.97,7.99,0.241033,146.74,646.74,0,0
support,semantic_cache,explicit_change,1500,600,0,0.0,0.0,0.6362,0.5,0.0,98.93,98.87,40.0,8.0,39.97,7.99,0.241033,146.74,646.74,0,0
support,semantic_cache,explicit_change,1500,600,0,0.0,0.0,0.6362,0.5,0.0,98.93,98.87,40.0,8.0,39.97,7.99,0.241033,146.74,646.74,0,0
support,semantic_cache,explicit_change,1500,600,0,0.0,0.0,0.6362,0.5,0.0,98.93,98.87,40.0,8.0,39.97,7.99,0.241033,146.74,646.74,0,0
support,semantic_cache,explicit_change,1500,600,0,0.0,0.0,0.6362,0.5,0.0,98.93,98.87,40.0,8.0,39.97,7.99,0.241033,146.74,646.74,0,0
support,semantic_cache,explicit_change,1500,600,0,0.0,0.0,0.6362,0.5,0.0,98.93,98.87,40.0,8.0,39.97,7.99,0.241033,146.74,646.74,0,0
support,semantic_cache,explicit_change,1500,600,0,0.0,0.0,0.6362,0.5,0.0,98.93,98.87,40.0,8.0,39.97,7.99,0.241033,146.74,646.74,0,0
support,semantic_cache,explicit_change,1500,600,0,0.0,0.0,0.6362,0.5,0.0,98.93,98.87,40.0,8.0,39.97,7.99,0.241033,146.74,646.74,0,0
support,cheap_model,explicit_change,1500,0,0,0.0,0.0,100.0,100.0,0.0,86.53,88.13,100.0,20.0,94.0,18.8,0.566898,41.29,541.29,0,0
support,cheap_model,explicit_change,1500,0,0,0.0,0.0,100.0,100.0,0.0,93.73,95.27,92.6,18.52,86.6,17.32,0.52227,161.57,661.57,0,0
support,cheap_model,explicit_change,1500,0,0,0.0,0.0,100.0,100.0,0.0,98.2,99.6,88.13,17.63,82.12,16.42,0.495253,168.47,668.47,0,0
support,cheap_model,explicit_change,1500,0,0,0.0,0.0,100.0,100.0,0.0,98.47,99.33,62.2,12.44,56.19,11.24,0.338883,181.34,681.34,0,0
support,cheap_model,explicit_change,1500,0,0,0.0,0.0,100.0,100.0,0.0,98.93,98.87,44.6,8.92,38.57,7.71,0.232618,182.41,682.41,0,0
support,cheap_model,explicit_change,1500,0,0,0.0,0.0,100.0,100.0,0.0,99.27,98.53,27.47,5.49,21.46,4.29,0.129413,183.83,683.83,0,0
support,cheap_model,explicit_change,1500,0,0,0.0,0.0,100.0,100.0,0.0,99.73,98.07,11.33,2.27,5.34,1.07,0.032195,184.3,684.3,0,0
support,small_classifier,explicit_change,1500,1500,270,18.0,16.1383,20.0252,20.0252,1350.0,80.53,82.0,100.0,20.0,100.0,20.0,0.603079,0.02,500.02,180,0
support,small_classifier,explicit_change,1500,1500,270,18.0,16.1383,20.0252,20.0252,1350.0,80.53,82.0,100.0,20.0,100.0,20.0,0.603079,0.02,500.02,180,0
support,small_classifier,explicit_change,1500,1500,270,18.0,16.1383,20.0252,20.0252,1350.0,80.53,82.0,100.0,20.0,100.0,20.0,0.603079,0.02,500.02,180,0
support,small_classifier,explicit_change,1500,1500,270,18.0,16.1383,20.0252,20.0252,1350.0,80.53,82.0,100.0,20.0,100.0,20.0,0.603079,0.02,500.02,180,0
support,small_classifier,explicit_change,1500,1500,270,18.0,16.1383,20.0252,20.0252,1350.0,80.53,82.0,100.0,20.0,100.0,20.0,0.603079,0.02,500.02,180,0
support,small_classifier,explicit_change,1500,1500,270,18.0,16.1383,20.0252,20.0252,1350.0,80.53,82.0,100.0,20.0,100.0,20.0,0.603079,0.03,500.03,180,0
support,small_classifier,explicit_change,1500,1500,270,18.0,16.1383,20.0252,20.0252,1350.0,80.53,82.0,100.0,20.0,100.0,20.0,0.603079,0.03,500.03,180,0
support,small_classifier,explicit_change,1500,1500,270,18.0,16.1383,20.0252,20.0252,1350.0,80.53,82.0,100.0,20.0,100.0,20.0,0.603079,0.02,500.02,180,0
support,small_classifier,explicit_change,1500,1500,270,18.0,16.1383,20.0252,20.0252,1350.0,80.53,82.0,100.0,20.0,100.0,20.0,0.603079,0.02,500.02,180,0
support,microloop,explicit_change,1500,288,0,0.0,0.0,1.3163,1.0417,0.0,99.33,98.47,19.2,3.84,17.01,3.4,0.10256,169.02,669.02,0,1
support,microloop,explicit_change,1500,280,0,0.0,0.0,1.3534,1.0714,0.0,99.27,98.53,18.67,3.73,15.95,3.19,0.096195,169.02,669.02,0,1
support,microloop,explicit_change,1500,286,0,0.0,0.0,1.3254,1.049,0.0,99.33,98.47,19.07,3.81,16.74,3.35,0.100965,168.83,668.83,0,1
support,microloop,explicit_change,1500,288,0,0.0,0.0,1.3163,1.0417,0.0,99.27,98.53,19.2,3.84,17.01,3.4,0.102595,169.21,669.21,0,1
support,microloop,explicit_change,1500,292,0,0.0,0.0,1.2985,1.0274,0.0,99.27,98.53,19.47,3.89,17.54,3.51,0.10579,169.1,669.1,0,1
tool_select,original_model,baseline,1500,0,0,0.0,0.0,100.0,100.0,0.0,100.0,98.67,0.0,0.0,0.0,0.0,0.0,172.98,752.98,0,0
tool_select,exact_cache,passive_drift,1500,989,163,16.4813,14.2996,18.9224,18.9224,1580.0,88.33,88.73,65.93,16.48,65.79,16.45,0.608385,169.98,749.98,161,0
tool_select,exact_cache,passive_drift,1500,806,130,16.129,13.7515,18.8279,18.8279,1300.0,90.67,90.8,53.73,13.43,53.52,13.38,0.494874,170.83,750.83,130,0
tool_select,exact_cache,passive_drift,1500,699,109,15.5937,13.093,18.4705,18.4705,1090.0,92.0,92.13,46.6,11.65,46.33,11.58,0.428421,171.66,751.66,109,0
tool_select,exact_cache,passive_drift,1500,633,94,14.8499,12.2921,17.8318,17.8318,940.0,93.07,93.07,42.2,10.55,41.9,10.48,0.387462,171.8,751.8,94,0
tool_select,exact_cache,passive_drift,1500,772,120,15.544,13.1594,18.2699,18.2699,1200.0,91.33,91.47,51.47,12.87,51.26,12.81,0.473946,171.39,751.39,120,0
tool_select,semantic_cache,passive_drift,1500,1500,270,18.0,16.1383,20.0252,20.0252,2700.0,80.8,82.0,100.0,25.0,100.0,25.0,0.924675,0.05,580.05,180,0
tool_select,semantic_cache,passive_drift,1500,1500,270,18.0,16.1383,20.0252,20.0252,2700.0,80.8,82.0,100.0,25.0,100.0,25.0,0.924675,0.03,580.03,180,0
tool_select,semantic_cache,passive_drift,1500,1500,270,18.0,16.1383,20.0252,20.0252,2700.0,80.8,82.0,100.0,25.0,100.0,25.0,0.924675,0.03,580.03,180,0
tool_select,semantic_cache,passive_drift,1500,1500,270,18.0,16.1383,20.0252,20.0252,2700.0,80.8,82.0,100.0,25.0,100.0,25.0,0.924675,0.03,580.03,180,0
tool_select,semantic_cache,passive_drift,1500,1500,270,18.0,16.1383,20.0252,20.0252,2700.0,80.8,82.0,100.0,25.0,100.0,25.0,0.924675,0.03,580.03,180,0
tool_select,semantic_cache,passive_drift,1500,1500,270,18.0,16.1383,20.0252,20.0252,2700.0,80.8,82.0,100.0,25.0,100.0,25.0,0.924675,0.03,580.03,180,0
tool_select,semantic_cache,passive_drift,1500,1500,270,18.0,16.1383,20.0252,20.0252,2700.0,80.8,82.0,100.0,25.0,100.0,25.0,0.924675,0.03,580.03,180,0
tool_select,semantic_cache,passive_drift,1500,1344,241,17.9315,15.9729,20.073,20.073,2410.0,82.87,83.8,89.6,22.4,89.46,22.37,0.827256,153.76,733.76,151,0
tool_select,semantic_cache,passive_drift,1500,1344,241,17.9315,15.9729,20.073,20.073,2410.0,82.87,83.8,89.6,22.4,89.46,22.37,0.827256,153.76,733.76,151,0
tool_select,cheap_model,passive_drift,1500,0,0,0.0,0.0,100.0,100.0,0.0,84.93,86.2,100.0,25.0,93.33,23.33,0.86303,48.89,628.89,0,0
tool_select,cheap_model,passive_drift,1500,0,0,0.0,0.0,100.0,100.0,0.0,94.8,96.07,90.13,22.53,83.46,20.87,0.77177,192.08,772.08,0,0
tool_select,cheap_model,passive_drift,1500,0,0,0.0,0.0,100.0,100.0,0.0,98.73,99.93,86.2,21.55,79.53,19.88,0.735392,201.29,781.29,0,0
tool_select,cheap_model,passive_drift,1500,0,0,0.0,0.0,100.0,100.0,0.0,99.0,99.67,54.67,13.67,47.99,12.0,0.443753,212.21,792.21,0,0
tool_select,cheap_model,passive_drift,1500,0,0,0.0,0.0,100.0,100.0,0.0,99.47,99.2,38.4,9.6,31.73,7.93,0.293372,213.89,793.89,0,0
tool_select,cheap_model,passive_drift,1500,0,0,0.0,0.0,100.0,100.0,0.0,99.67,99.0,23.2,5.8,16.53,4.13,0.152837,215.15,795.15,0,0
tool_select,cheap_model,passive_drift,1500,0,0,0.0,0.0,100.0,100.0,0.0,99.87,98.8,8.07,2.02,1.39,0.35,0.012875,215.67,795.67,0,0
tool_select,small_classifier,passive_drift,1500,1500,270,18.0,16.1383,20.0252,20.0252,2700.0,80.8,82.0,100.0,25.0,100.0,25.0,0.924672,0.03,580.03,180,0
tool_select,small_classifier,passive_drift,1500,1500,270,18.0,16.1383,20.0252,20.0252,2700.0,80.8,82.0,100.0,25.0,100.0,25.0,0.924672,0.03,580.03,180,0
tool_select,small_classifier,passive_drift,1500,1500,270,18.0,16.1383,20.0252,20.0252,2700.0,80.8,82.0,100.0,25.0,100.0,25.0,0.924672,0.03,580.03,180,0
tool_select,small_classifier,passive_drift,1500,1500,270,18.0,16.1383,20.0252,20.0252,2700.0,80.8,82.0,100.0,25.0,100.0,25.0,0.924672,0.03,580.03,180,0
tool_select,small_classifier,passive_drift,1500,1500,270,18.0,16.1383,20.0252,20.0252,2700.0,80.8,82.0,100.0,25.0,100.0,25.0,0.924672,0.03,580.03,180,0
tool_select,small_classifier,passive_drift,1500,1500,270,18.0,16.1383,20.0252,20.0252,2700.0,80.8,82.0,100.0,25.0,100.0,25.0,0.924672,0.03,580.03,180,0
tool_select,small_classifier,passive_drift,1500,1500,270,18.0,16.1383,20.0252,20.0252,2700.0,80.8,82.0,100.0,25.0,100.0,25.0,0.924672,0.03,580.03,180,0
tool_select,small_classifier,passive_drift,1500,1500,270,18.0,16.1383,20.0252,20.0252,2700.0,80.8,82.0,100.0,25.0,100.0,25.0,0.924672,0.03,580.03,180,0
tool_select,small_classifier,passive_drift,1500,1500,270,18.0,16.1383,20.0252,20.0252,2700.0,80.8,82.0,100.0,25.0,100.0,25.0,0.924672,0.03,580.03,180,0
tool_select,microloop,passive_drift,1500,315,8,2.5397,1.2924,4.9306,4.9306,80.0,98.87,98.73,21.0,5.25,18.92,4.73,0.174919,192.79,772.79,8,1
tool_select,microloop,passive_drift,1500,310,7,2.2581,1.098,4.5868,4.5868,70.0,99.0,98.73,20.67,5.17,18.92,4.73,0.174925,192.2,772.2,7,1
tool_select,microloop,passive_drift,1500,294,7,2.381,1.158,4.8322,4.8322,70.0,99.07,98.67,19.6,4.9,16.8,4.2,0.155317,192.25,772.25,7,1
tool_select,microloop,passive_drift,1500,310,7,2.2581,1.098,4.5868,4.5868,70.0,99.07,98.67,20.67,5.17,18.92,4.73,0.174919,193.21,773.21,7,1
tool_select,microloop,passive_drift,1500,325,10,3.0769,1.6797,5.5704,5.5704,100.0,98.73,98.6,21.67,5.42,19.58,4.89,0.181021,193.12,773.12,10,1
tool_select,exact_cache,explicit_change,1500,859,2,0.2328,0.0639,0.8449,0.8449,11.0,98.93,99.47,57.27,14.32,57.08,14.27,0.527829,170.59,750.59,0,0
tool_select,exact_cache,explicit_change,1500,671,0,0.0,0.0,0.5692,0.4471,0.0,99.33,99.33,44.73,11.18,44.49,11.12,0.411345,171.66,751.66,0,0
tool_select,exact_cache,explicit_change,1500,604,0,0.0,0.0,0.632,0.4967,0.0,99.4,99.27,40.27,10.07,40.0,10.0,0.369831,171.81,751.81,0,0
tool_select,exact_cache,explicit_change,1500,570,0,0.0,0.0,0.6694,0.5263,0.0,99.4,99.27,38.0,9.5,37.73,9.43,0.34887,171.91,751.91,0,0
tool_select,exact_cache,explicit_change,1500,663,0,0.0,0.0,0.5761,0.4525,0.0,99.33,99.33,44.2,11.05,43.96,10.99,0.406446,171.77,751.77,0,0
tool_select,semantic_cache,explicit_change,1500,600,0,0.0,0.0,0.6362,0.5,0.0,99.0,99.67,40.0,10.0,39.98,9.99,0.369645,171.79,751.79,0,0
tool_select,semantic_cache,explicit_change,1500,600,0,0.0,0.0,0.6362,0.5,0.0,99.0,99.67,40.0,10.0,39.98,9.99,0.369645,171.79,751.79,0,0
tool_select,semantic_cache,explicit_change,1500,600,0,0.0,0.0,0.6362,0.5,0.0,99.0,99.67,40.0,10.0,39.98,9.99,0.369645,171.79,751.79,0,0
tool_select,semantic_cache,explicit_change,1500,600,0,0.0,0.0,0.6362,0.5,0.0,99.0,99.67,40.0,10.0,39.98,9.99,0.369645,171.79,751.79,0,0
tool_select,semantic_cache,explicit_change,1500,600,0,0.0,0.0,0.6362,0.5,0.0,99.0,99.67,40.0,10.0,39.98,9.99,0.369645,171.79,751.79,0,0
tool_select,semantic_cache,explicit_change,1500,600,0,0.0,0.0,0.6362,0.5,0.0,99.0,99.67,40.0,10.0,39.98,9.99,0.369645,171.8,751.8,0,0
tool_select,semantic_cache,explicit_change,1500,600,0,0.0,0.0,0.6362,0.5,0.0,99.0,99.67,40.0,10.0,39.98,9.99,0.369645,171.79,751.79,0,0
tool_select,semantic_cache,explicit_change,1500,525,0,0.0,0.0,0.7264,0.5714,0.0,99.07,99.6,35.0,8.75,34.91,8.73,0.322797,172.02,752.02,0,0
tool_select,semantic_cache,explicit_change,1500,525,0,0.0,0.0,0.7264,0.5714,0.0,99.07,99.6,35.0,8.75,34.91,8.73,0.322797,172.02,752.02,0,0
tool_select,cheap_model,explicit_change,1500,0,0,0.0,0.0,100.0,100.0,0.0,84.93,86.2,100.0,25.0,93.33,23.33,0.86303,48.89,628.89,0,0
tool_select,cheap_model,explicit_change,1500,0,0,0.0,0.0,100.0,100.0,0.0,94.8,96.07,90.13,22.53,83.46,20.87,0.77177,192.08,772.08,0,0
tool_select,cheap_model,explicit_change,1500,0,0,0.0,0.0,100.0,100.0,0.0,98.73,99.93,86.2,21.55,79.53,19.88,0.735392,201.29,781.29,0,0
tool_select,cheap_model,explicit_change,1500,0,0,0.0,0.0,100.0,100.0,0.0,99.0,99.67,54.67,13.67,47.99,12.0,0.443753,212.21,792.21,0,0
tool_select,cheap_model,explicit_change,1500,0,0,0.0,0.0,100.0,100.0,0.0,99.47,99.2,38.4,9.6,31.73,7.93,0.293372,213.89,793.89,0,0
tool_select,cheap_model,explicit_change,1500,0,0,0.0,0.0,100.0,100.0,0.0,99.67,99.0,23.2,5.8,16.53,4.13,0.152837,215.15,795.15,0,0
tool_select,cheap_model,explicit_change,1500,0,0,0.0,0.0,100.0,100.0,0.0,99.87,98.8,8.07,2.02,1.39,0.35,0.012875,215.67,795.67,0,0
tool_select,small_classifier,explicit_change,1500,1500,270,18.0,16.1383,20.0252,20.0252,2700.0,80.8,82.0,100.0,25.0,100.0,25.0,0.924671,0.03,580.03,180,0
tool_select,small_classifier,explicit_change,1500,1500,270,18.0,16.1383,20.0252,20.0252,2700.0,80.8,82.0,100.0,25.0,100.0,25.0,0.924671,0.03,580.03,180,0
tool_select,small_classifier,explicit_change,1500,1500,270,18.0,16.1383,20.0252,20.0252,2700.0,80.8,82.0,100.0,25.0,100.0,25.0,0.924671,0.03,580.03,180,0
tool_select,small_classifier,explicit_change,1500,1500,270,18.0,16.1383,20.0252,20.0252,2700.0,80.8,82.0,100.0,25.0,100.0,25.0,0.924671,0.03,580.03,180,0
tool_select,small_classifier,explicit_change,1500,1500,270,18.0,16.1383,20.0252,20.0252,2700.0,80.8,82.0,100.0,25.0,100.0,25.0,0.924671,0.03,580.03,180,0
tool_select,small_classifier,explicit_change,1500,1500,270,18.0,16.1383,20.0252,20.0252,2700.0,80.8,82.0,100.0,25.0,100.0,25.0,0.924671,0.03,580.03,180,0
tool_select,small_classifier,explicit_change,1500,1500,270,18.0,16.1383,20.0252,20.0252,2700.0,80.8,82.0,100.0,25.0,100.0,25.0,0.924671,0.03,580.03,180,0
tool_select,small_classifier,explicit_change,1500,1500,270,18.0,16.1383,20.0252,20.0252,2700.0,80.8,82.0,100.0,25.0,100.0,25.0,0.924671,0.03,580.03,180,0
tool_select,small_classifier,explicit_change,1500,1500,270,18.0,16.1383,20.0252,20.0252,2700.0,80.8,82.0,100.0,25.0,100.0,25.0,0.924671,0.03,580.03,180,0
tool_select,microloop,explicit_change,1500,299,0,0.0,0.0,1.2685,1.0033,0.0,99.47,99.2,19.93,4.98,18.46,4.61,0.170671,192.95,772.95,0,1
tool_select,microloop,explicit_change,1500,299,0,0.0,0.0,1.2685,1.0033,0.0,99.6,99.07,19.93,4.98,18.46,4.61,0.170659,193.37,773.37,0,1
tool_select,microloop,explicit_change,1500,283,0,0.0,0.0,1.3392,1.0601,0.0,99.6,99.07,18.87,4.72,16.34,4.09,0.151099,192.96,772.96,0,1
tool_select,microloop,explicit_change,1500,291,0,0.0,0.0,1.3029,1.0309,0.0,99.47,99.2,19.4,4.85,17.4,4.35,0.160861,192.15,772.15,0,1
tool_select,microloop,explicit_change,1500,292,0,0.0,0.0,1.2985,1.0274,0.0,99.53,99.13,19.47,4.87,17.53,4.38,0.162085,192.12,772.12,0,1
incident_triage,original_model,baseline,1500,0,0,0.0,0.0,100.0,100.0,0.0,100.0,98.67,0.0,0.0,0.0,0.0,0.0,152.86,672.86,0,0
incident_triage,exact_cache,passive_drift,1500,1015,124,12.2167,10.3433,14.3751,14.3751,374.0,90.93,91.27,67.67,16.92,67.52,16.88,0.457843,149.03,669.03,117,0
incident_triage,exact_cache,passive_drift,1500,841,91,10.8205,8.8964,13.1008,13.1008,273.0,93.2,93.4,56.07,14.02,55.83,13.96,0.378545,150.31,670.31,91,0
incident_triage,exact_cache,passive_drift,1500,732,68,9.2896,7.394,11.6103,11.6103,204.0,94.87,94.73,48.8,12.2,48.51,12.13,0.328918,151.47,671.47,68,0
incident_triage,exact_cache,passive_drift,1500,652,63,9.6626,7.6254,12.1723,12.1723,189.0,95.2,95.07,43.47,10.87,43.13,10.78,0.29244,151.7,671.7,63,0
incident_triage,exact_cache,passive_drift,1500,806,88,10.9181,8.9476,13.2594,13.2594,264.0,93.47,93.53,53.73,13.43,53.5,13.38,0.36276,150.89,670.89,88,0
incident_triage,semantic_cache,passive_drift,1500,1500,180,12.0,10.4518,13.7423,13.7423,540.0,86.8,88.0,100.0,25.0,100.0,25.0,0.678055,0.04,520.04,120,0
incident_triage,semantic_cache,passive_drift,1500,1500,180,12.0,10.4518,13.7423,13.7423,540.0,86.8,88.0,100.0,25.0,100.0,25.0,0.678055,0.04,520.04,120,0
incident_triage,semantic_cache,passive_drift,1500,1500,180,12.0,10.4518,13.7423,13.7423,540.0,86.8,88.0,100.0,25.0,100.0,25.0,0.678055,0.04,520.04,120,0
incident_triage,semantic_cache,passive_drift,1500,1500,180,12.0,10.4518,13.7423,13.7423,540.0,86.8,88.0,100.0,25.0,100.0,25.0,0.678055,0.04,520.04,120,0
incident_triage,semantic_cache,passive_drift,1500,1362,142,10.4258,8.9127,12.1616,12.1616,426.0,89.47,90.4,90.8,22.7,90.75,22.69,0.615323,136.5,656.5,82,0
incident_triage,semantic_cache,passive_drift,1500,1145,109,9.5197,7.9525,11.3575,11.3575,327.0,91.87,92.4,76.33,19.08,76.19,19.05,0.516613,148.34,668.34,79,0
incident_triage,semantic_cache,passive_drift,1500,820,71,8.6585,6.9213,10.7813,10.7813,213.0,94.53,94.67,54.67,13.67,54.42,13.61,0.369003,150.95,670.95,71,0
incident_triage,semantic_cache,passive_drift,1500,660,67,10.1515,8.0732,12.6911,12.6911,201.0,95.0,94.73,44.0,11.0,43.66,10.91,0.296038,151.76,671.76,67,0
incident_triage,semantic_cache,passive_drift,1500,633,61,9.6367,7.5753,12.1849,12.1849,183.0,95.4,95.13,42.2,10.55,41.85,10.46,0.283768,151.76,671.76,61,0
incident_triage,cheap_model,passive_drift,1500,0,0,0.0,0.0,100.0,100.0,0.0,89.27,90.53,100.0,25.0,94.0,23.5,0.637372,39.15,559.15,0,0
incident_triage,cheap_model,passive_drift,1500,0,0,0.0,0.0,100.0,100.0,0.0,95.2,96.47,94.07,23.52,88.06,22.02,0.597109,157.88,677.88,0,0
incident_triage,cheap_model,passive_drift,1500,0,0,0.0,0.0,100.0,100.0,0.0,98.73,99.93,90.53,22.63,84.53,21.13,0.573187,169.29,689.29,0,0
incident_triage,cheap_model,passive_drift,1500,0,0,0.0,0.0,100.0,100.0,0.0,98.93,99.73,68.6,17.15,62.58,15.65,0.424352,182.21,702.21,0,0
incident_triage,cheap_model,passive_drift,1500,0,0,0.0,0.0,100.0,100.0,0.0,99.2,99.47,50.2,12.55,44.17,11.04,0.299522,184.71,704.71,0,0
incident_triage,cheap_model,passive_drift,1500,0,0,0.0,0.0,100.0,100.0,0.0,99.6,99.07,30.67,7.67,24.66,6.17,0.167224,185.79,705.79,0,0
incident_triage,cheap_model,passive_drift,1500,0,0,0.0,0.0,100.0,100.0,0.0,99.87,98.8,13.8,3.45,7.81,1.95,0.052957,186.79,706.79,0,0
incident_triage,small_classifier,passive_drift,1500,1500,180,12.0,10.4518,13.7423,13.7423,540.0,86.8,88.0,100.0,25.0,100.0,25.0,0.67805,0.04,520.04,120,0
incident_triage,small_classifier,passive_drift,1500,1500,180,12.0,10.4518,13.7423,13.7423,540.0,86.8,88.0,100.0,25.0,100.0,25.0,0.67805,0.03,520.03,120,0
incident_triage,small_classifier,passive_drift,1500,1500,180,12.0,10.4518,13.7423,13.7423,540.0,86.8,88.0,100.0,25.0,100.0,25.0,0.67805,0.03,520.03,120,0
incident_triage,small_classifier,passive_drift,1500,1500,180,12.0,10.4518,13.7423,13.7423,540.0,86.8,88.0,100.0,25.0,100.0,25.0,0.67805,0.03,520.03,120,0
incident_triage,small_classifier,passive_drift,1500,1500,180,12.0,10.4518,13.7423,13.7423,540.0,86.8,88.0,100.0,25.0,100.0,25.0,0.67805,0.03,520.03,120,0
incident_triage,small_classifier,passive_drift,1500,1500,180,12.0,10.4518,13.7423,13.7423,540.0,86.8,88.0,100.0,25.0,100.0,25.0,0.67805,0.04,520.04,120,0
incident_triage,small_classifier,passive_drift,1500,1500,180,12.0,10.4518,13.7423,13.7423,540.0,86.8,88.0,100.0,25.0,100.0,25.0,0.67805,0.04,520.04,120,0
incident_triage,small_classifier,passive_drift,1500,1500,180,12.0,10.4518,13.7423,13.7423,540.0,86.8,88.0,100.0,25.0,100.0,25.0,0.67805,0.04,520.04,120,0
incident_triage,small_classifier,passive_drift,1500,1500,180,12.0,10.4518,13.7423,13.7423,540.0,86.8,88.0,100.0,25.0,100.0,25.0,0.67805,0.03,520.03,120,0
incident_triage,microloop,passive_drift,1500,603,59,9.7844,7.6615,12.4165,12.4165,177.0,95.53,95.27,40.2,10.05,37.14,9.28,0.251798,173.43,693.43,59,0
incident_triage,microloop,passive_drift,1500,606,59,9.736,7.6232,12.356,12.356,177.0,95.6,95.2,40.4,10.1,37.55,9.39,0.254583,177.16,697.16,59,0
incident_triage,microloop,passive_drift,1500,608,58,9.5395,7.452,12.135,12.135,174.0,95.6,95.33,40.53,10.13,37.8,9.45,0.256303,174.21,694.21,58,0
incident_triage,microloop,passive_drift,1500,609,60,9.8522,7.731,12.4767,12.4767,180.0,95.53,95.13,40.6,10.15,37.93,9.48,0.257208,173.62,693.62,60,0
incident_triage,microloop,passive_drift,1500,602,60,9.9668,7.8218,12.6194,12.6194,180.0,95.53,95.13,40.13,10.03,37.01,9.25,0.250923,173.4,693.4,60,0
incident_triage,exact_cache,explicit_change,1500,890,9,1.0112,0.5329,1.9106,1.9106,33.0,98.6,98.87,59.33,14.83,59.14,14.78,0.400978,150.25,670.25,2,0
incident_triage,exact_cache,explicit_change,1500,708,0,0.0,0.0,0.5397,0.4237,0.0,99.4,99.27,47.2,11.8,46.92,11.73,0.318133,151.5,671.5,0,0
incident_triage,exact_cache,explicit_change,1500,635,0,0.0,0.0,0.6013,0.4724,0.0,99.4,99.27,42.33,10.58,42.02,10.51,0.28493,151.81,671.81,0,0
incident_triage,exact_cache,explicit_change,1500,583,0,0.0,0.0,0.6546,0.5146,0.0,99.47,99.2,38.87,9.72,38.54,9.64,0.261355,152.07,672.07,0,0
incident_triage,exact_cache,explicit_change,1500,699,0,0.0,0.0,0.5466,0.4292,0.0,99.4,99.27,46.6,11.65,46.32,11.58,0.314095,151.51,671.51,0,0
incident_triage,semantic_cache,explicit_change,1500,600,0,0.0,0.0,0.6362,0.5,0.0,99.33,99.33,40.0,10.0,39.98,9.99,0.27106,151.8,671.8,0,0
incident_triage,semantic_cache,explicit_change,1500,600,0,0.0,0.0,0.6362,0.5,0.0,99.33,99.33,40.0,10.0,39.98,9.99,0.27106,151.8,671.8,0,0
incident_triage,semantic_cache,explicit_change,1500,600,0,0.0,0.0,0.6362,0.5,0.0,99.33,99.33,40.0,10.0,39.98,9.99,0.27106,151.8,671.8,0,0
incident_triage,semantic_cache,explicit_change,1500,600,0,0.0,0.0,0.6362,0.5,0.0,99.33,99.33,40.0,10.0,39.98,9.99,0.27106,151.8,671.8,0,0
incident_triage,semantic_cache,explicit_change,1500,536,0,0.0,0.0,0.7116,0.5597,0.0,99.47,99.2,35.73,8.93,35.69,8.92,0.241975,152.14,672.14,0,0
incident_triage,semantic_cache,explicit_change,1500,442,0,0.0,0.0,0.8616,0.6787,0.0,99.53,99.13,29.47,7.37,29.37,7.34,0.199138,152.37,672.37,0,0
incident_triage,semantic_cache,explicit_change,1500,362,0,0.0,0.0,1.05,0.8287,0.0,99.6,99.07,24.13,6.03,23.98,6.0,0.162605,152.47,672.47,0,0
incident_triage,semantic_cache,explicit_change,1500,325,0,0.0,0.0,1.1682,0.9231,0.0,99.6,99.07,21.67,5.42,21.5,5.37,0.145778,152.5,672.5,0,0
incident_triage,semantic_cache,explicit_change,1500,310,0,0.0,0.0,1.224,0.9677,0.0,99.6,99.07,20.67,5.17,20.5,5.12,0.138968,152.5,672.5,0,0
incident_triage,cheap_model,explicit_change,1500,0,0,0.0,0.0,100.0,100.0,0.0,89.27,90.53,100.0,25.0,94.0,23.5,0.637372,39.15,559.15,0,0
incident_triage,cheap_model,explicit_change,1500,0,0,0.0,0.0,100.0,100.0,0.0,95.2,96.47,94.07,23.52,88.06,22.02,0.597109,157.88,677.88,0,0
incident_triage,cheap_model,explicit_change,1500,0,0,0.0,0.0,100.0,100.0,0.0,98.73,99.93,90.53,22.63,84.53,21.13,0.573187,169.29,689.29,0,0
incident_triage,cheap_model,explicit_change,1500,0,0,0.0,0.0,100.0,100.0,0.0,98.93,99.73,68.6,17.15,62.58,15.65,0.424352,182.21,702.21,0,0
incident_triage,cheap_model,explicit_change,1500,0,0,0.0,0.0,100.0,100.0,0.0,99.2,99.47,50.2,12.55,44.17,11.04,0.299522,184.71,704.71,0,0
incident_triage,cheap_model,explicit_change,1500,0,0,0.0,0.0,100.0,100.0,0.0,99.6,99.07,30.67,7.67,24.66,6.17,0.167224,185.79,705.79,0,0
incident_triage,cheap_model,explicit_change,1500,0,0,0.0,0.0,100.0,100.0,0.0,99.87,98.8,13.8,3.45,7.81,1.95,0.052957,186.79,706.79,0,0
incident_triage,small_classifier,explicit_change,1500,1500,180,12.0,10.4518,13.7423,13.7423,540.0,86.8,88.0,100.0,25.0,100.0,25.0,0.678049,0.04,520.04,120,0
incident_triage,small_classifier,explicit_change,1500,1500,180,12.0,10.4518,13.7423,13.7423,540.0,86.8,88.0,100.0,25.0,100.0,25.0,0.678049,0.04,520.04,120,0
incident_triage,small_classifier,explicit_change,1500,1500,180,12.0,10.4518,13.7423,13.7423,540.0,86.8,88.0,100.0,25.0,100.0,25.0,0.678049,0.04,520.04,120,0
incident_triage,small_classifier,explicit_change,1500,1500,180,12.0,10.4518,13.7423,13.7423,540.0,86.8,88.0,100.0,25.0,100.0,25.0,0.678049,0.04,520.04,120,0
incident_triage,small_classifier,explicit_change,1500,1500,180,12.0,10.4518,13.7423,13.7423,540.0,86.8,88.0,100.0,25.0,100.0,25.0,0.67805,0.04,520.04,120,0
incident_triage,small_classifier,explicit_change,1500,1500,180,12.0,10.4518,13.7423,13.7423,540.0,86.8,88.0,100.0,25.0,100.0,25.0,0.67805,0.04,520.04,120,0
incident_triage,small_classifier,explicit_change,1500,1500,180,12.0,10.4518,13.7423,13.7423,540.0,86.8,88.0,100.0,25.0,100.0,25.0,0.67805,0.04,520.04,120,0
incident_triage,small_classifier,explicit_change,1500,1500,180,12.0,10.4518,13.7423,13.7423,540.0,86.8,88.0,100.0,25.0,100.0,25.0,0.67805,0.04,520.04,120,0
incident_triage,small_classifier,explicit_change,1500,1500,180,12.0,10.4518,13.7423,13.7423,540.0,86.8,88.0,100.0,25.0,100.0,25.0,0.678049,0.04,520.04,120,0
incident_triage,microloop,explicit_change,1500,294,0,0.0,0.0,1.2898,1.0204,0.0,99.6,99.07,19.6,4.9,17.64,4.41,0.119613,173.39,693.39,0,1
incident_triage,microloop,explicit_change,1500,292,0,0.0,0.0,1.2985,1.0274,0.0,99.6,99.07,19.47,4.87,17.38,4.34,0.117843,173.42,693.42,0,1
incident_triage,microloop,explicit_change,1500,286,0,0.0,0.0,1.3254,1.049,0.0,99.6,99.07,19.07,4.77,16.58,4.14,0.112418,173.52,693.52,0,1
incident_triage,microloop,explicit_change,1500,291,0,0.0,0.0,1.3029,1.0309,0.0,99.6,99.07,19.4,4.85,17.25,4.31,0.116938,173.37,693.37,0,1
incident_triage,microloop,explicit_change,1500,291,0,0.0,0.0,1.3029,1.0309,0.0,99.6,99.07,19.4,4.85,17.24,4.31,0.116923,173.38,693.38,0,1
research_novelty,original_model,baseline,900,0,0,0.0,0.0,100.0,100.0,0.0,100.0,97.22,0.0,0.0,0.0,0.0,0.0,192.19,832.19,0,0
research_novelty,exact_cache,passive_drift,900,0,0,0.0,0.0,100.0,100.0,0.0,100.0,97.22,0.0,0.0,0.0,0.0,0.0,192.24,832.24,0,0
research_novelty,exact_cache,passive_drift,900,0,0,0.0,0.0,100.0,100.0,0.0,100.0,97.22,0.0,0.0,0.0,0.0,0.0,192.24,832.24,0,0
research_novelty,exact_cache,passive_drift,900,0,0,0.0,0.0,100.0,100.0,0.0,100.0,97.22,0.0,0.0,0.0,0.0,0.0,192.24,832.24,0,0
research_novelty,exact_cache,passive_drift,900,0,0,0.0,0.0,100.0,100.0,0.0,100.0,97.22,0.0,0.0,0.0,0.0,0.0,192.24,832.24,0,0
research_novelty,exact_cache,passive_drift,900,0,0,0.0,0.0,100.0,100.0,0.0,100.0,97.22,0.0,0.0,0.0,0.0,0.0,192.24,832.24,0,0
research_novelty,semantic_cache,passive_drift,900,900,23,2.5556,1.7088,3.8056,3.8056,69.0,94.89,97.44,100.0,15.0,100.0,15.0,0.678018,0.11,640.11,0,0
research_novelty,semantic_cache,passive_drift,900,900,23,2.5556,1.7088,3.8056,3.8056,69.0,94.89,97.44,100.0,15.0,100.0,15.0,0.678018,0.07,640.07,0,0
research_novelty,semantic_cache,passive_drift,900,900,23,2.5556,1.7088,3.8056,3.8056,69.0,94.89,97.44,100.0,15.0,100.0,15.0,0.678018,0.07,640.07,0,0
research_novelty,semantic_cache,passive_drift,900,900,23,2.5556,1.7088,3.8056,3.8056,69.0,94.89,97.44,100.0,15.0,100.0,15.0,0.678018,0.08,640.08,0,0
research_novelty,semantic_cache,passive_drift,900,900,23,2.5556,1.7088,3.8056,3.8056,69.0,94.89,97.44,100.0,15.0,100.0,15.0,0.678018,0.08,640.08,0,0
research_novelty,semantic_cache,passive_drift,900,900,23,2.5556,1.7088,3.8056,3.8056,69.0,94.89,97.44,100.0,15.0,100.0,15.0,0.678018,0.08,640.08,0,0
research_novelty,semantic_cache,passive_drift,900,900,23,2.5556,1.7088,3.8056,3.8056,69.0,94.89,97.44,100.0,15.0,100.0,15.0,0.678018,0.07,640.07,0,0
research_novelty,semantic_cache,passive_drift,900,900,23,2.5556,1.7088,3.8056,3.8056,69.0,94.89,97.44,100.0,15.0,100.0,15.0,0.678018,0.07,640.07,0,0
research_novelty,semantic_cache,passive_drift,900,900,23,2.5556,1.7088,3.8056,3.8056,69.0,94.89,97.44,100.0,15.0,100.0,15.0,0.678018,0.07,640.07,0,0
research_novelty,cheap_model,passive_drift,900,0,0,0.0,0.0,100.0,100.0,0.0,82.11,84.44,100.0,15.0,93.33,14.0,0.632817,58.59,698.59,0,0
research_novelty,cheap_model,passive_drift,900,0,0,0.0,0.0,100.0,100.0,0.0,94.44,96.56,87.56,13.13,80.89,12.13,0.548457,226.53,866.53,0,0
research_novelty,cheap_model,passive_drift,900,0,0,0.0,0.0,100.0,100.0,0.0,97.89,99.33,70.67,10.6,64.0,9.6,0.433923,236.33,876.33,0,0
research_novelty,cheap_model,passive_drift,900,0,0,0.0,0.0,100.0,100.0,0.0,98.44,98.78,46.56,6.98,39.89,5.98,0.270465,241.03,881.03,0,0
research_novelty,cheap_model,passive_drift,900,0,0,0.0,0.0,100.0,100.0,0.0,98.89,98.33,31.44,4.72,24.78,3.72,0.167997,242.45,882.45,0,0
research_novelty,cheap_model,passive_drift,900,0,0,0.0,0.0,100.0,100.0,0.0,99.44,97.78,16.89,2.53,10.22,1.53,0.069312,243.52,883.52,0,0
research_novelty,cheap_model,passive_drift,900,0,0,0.0,0.0,100.0,100.0,0.0,100.0,97.22,0.0,0.0,-6.67,-1.0,-0.045201,244.57,884.57,0,0
research_novelty,small_classifier,passive_drift,900,900,0,0.0,0.0,0.425,0.3333,0.0,97.22,100.0,100.0,15.0,100.0,15.0,0.678015,0.03,640.03,0,0
research_novelty,small_classifier,passive_drift,900,900,0,0.0,0.0,0.425,0.3333,0.0,97.22,100.0,100.0,15.0,100.0,15.0,0.678015,0.03,640.03,0,0
research_novelty,small_classifier,passive_drift,900,900,0,0.0,0.0,0.425,0.3333,0.0,97.22,100.0,100.0,15.0,100.0,15.0,0.678015,0.03,640.03,0,0
research_novelty,small_classifier,passive_drift,900,900,0,0.0,0.0,0.425,0.3333,0.0,97.22,100.0,100.0,15.0,100.0,15.0,0.678015,0.03,640.03,0,0
research_novelty,small_classifier,passive_drift,900,900,0,0.0,0.0,0.425,0.3333,0.0,97.22,100.0,100.0,15.0,100.0,15.0,0.678015,0.03,640.03,0,0
research_novelty,small_classifier,passive_drift,900,900,0,0.0,0.0,0.425,0.3333,0.0,97.22,100.0,100.0,15.0,100.0,15.0,0.678015,0.03,640.03,0,0
research_novelty,small_classifier,passive_drift,900,900,0,0.0,0.0,0.425,0.3333,0.0,97.22,100.0,100.0,15.0,100.0,15.0,0.678015,0.03,640.03,0,0
research_novelty,small_classifier,passive_drift,900,900,0,0.0,0.0,0.425,0.3333,0.0,97.22,100.0,100.0,15.0,100.0,15.0,0.678015,0.03,640.03,0,0
research_novelty,small_classifier,passive_drift,900,900,0,0.0,0.0,0.425,0.3333,0.0,97.22,100.0,100.0,15.0,100.0,15.0,0.678015,0.03,640.03,0,0
research_novelty,microloop,passive_drift,900,0,0,0.0,0.0,100.0,100.0,0.0,100.0,97.22,0.0,0.0,0.0,0.0,0.0,192.31,832.31,0,0
research_novelty,microloop,passive_drift,900,0,0,0.0,0.0,100.0,100.0,0.0,100.0,97.22,0.0,0.0,0.0,0.0,0.0,192.31,832.31,0,0
research_novelty,microloop,passive_drift,900,0,0,0.0,0.0,100.0,100.0,0.0,100.0,97.22,0.0,0.0,0.0,0.0,0.0,192.31,832.31,0,0
research_novelty,microloop,passive_drift,900,0,0,0.0,0.0,100.0,100.0,0.0,100.0,97.22,0.0,0.0,0.0,0.0,0.0,192.31,832.31,0,0
research_novelty,microloop,passive_drift,900,0,0,0.0,0.0,100.0,100.0,0.0,100.0,97.22,0.0,0.0,0.0,0.0,0.0,192.31,832.31,0,0
research_novelty,exact_cache,explicit_change,900,0,0,0.0,0.0,100.0,100.0,0.0,100.0,97.22,0.0,0.0,0.0,0.0,0.0,192.24,832.24,0,0
research_novelty,exact_cache,explicit_change,900,0,0,0.0,0.0,100.0,100.0,0.0,100.0,97.22,0.0,0.0,0.0,0.0,0.0,192.24,832.24,0,0
research_novelty,exact_cache,explicit_change,900,0,0,0.0,0.0,100.0,100.0,0.0,100.0,97.22,0.0,0.0,0.0,0.0,0.0,192.24,832.24,0,0
research_novelty,exact_cache,explicit_change,900,0,0,0.0,0.0,100.0,100.0,0.0,100.0,97.22,0.0,0.0,0.0,0.0,0.0,192.24,832.24,0,0
research_novelty,exact_cache,explicit_change,900,0,0,0.0,0.0,100.0,100.0,0.0,100.0,97.22,0.0,0.0,0.0,0.0,0.0,192.24,832.24,0,0
research_novelty,semantic_cache,explicit_change,900,900,23,2.5556,1.7088,3.8056,3.8056,69.0,94.89,97.44,100.0,15.0,100.0,15.0,0.678018,0.08,640.08,0,0
research_novelty,semantic_cache,explicit_change,900,900,23,2.5556,1.7088,3.8056,3.8056,69.0,94.89,97.44,100.0,15.0,100.0,15.0,0.678018,0.07,640.07,0,0
research_novelty,semantic_cache,explicit_change,900,900,23,2.5556,1.7088,3.8056,3.8056,69.0,94.89,97.44,100.0,15.0,100.0,15.0,0.678018,0.07,640.07,0,0
research_novelty,semantic_cache,explicit_change,900,900,23,2.5556,1.7088,3.8056,3.8056,69.0,94.89,97.44,100.0,15.0,100.0,15.0,0.678018,0.07,640.07,0,0
research_novelty,semantic_cache,explicit_change,900,900,23,2.5556,1.7088,3.8056,3.8056,69.0,94.89,97.44,100.0,15.0,100.0,15.0,0.678018,0.08,640.08,0,0
research_novelty,semantic_cache,explicit_change,900,900,23,2.5556,1.7088,3.8056,3.8056,69.0,94.89,97.44,100.0,15.0,100.0,15.0,0.678018,0.07,640.07,0,0
research_novelty,semantic_cache,explicit_change,900,900,23,2.5556,1.7088,3.8056,3.8056,69.0,94.89,97.44,100.0,15.0,100.0,15.0,0.678018,0.07,640.07,0,0
research_novelty,semantic_cache,explicit_change,900,900,23,2.5556,1.7088,3.8056,3.8056,69.0,94.89,97.44,100.0,15.0,100.0,15.0,0.678018,0.07,640.07,0,0
research_novelty,semantic_cache,explicit_change,900,900,23,2.5556,1.7088,3.8056,3.8056,69.0,94.89,97.44,100.0,15.0,100.0,15.0,0.678018,0.07,640.07,0,0
research_novelty,cheap_model,explicit_change,900,0,0,0.0,0.0,100.0,100.0,0.0,82.11,84.44,100.0,15.0,93.33,14.0,0.632817,58.59,698.59,0,0
research_novelty,cheap_model,explicit_change,900,0,0,0.0,0.0,100.0,100.0,0.0,94.44,96.56,87.56,13.13,80.89,12.13,0.548457,226.53,866.53,0,0
research_novelty,cheap_model,explicit_change,900,0,0,0.0,0.0,100.0,100.0,0.0,97.89,99.33,70.67,10.6,64.0,9.6,0.433923,236.33,876.33,0,0
research_novelty,cheap_model,explicit_change,900,0,0,0.0,0.0,100.0,100.0,0.0,98.44,98.78,46.56,6.98,39.89,5.98,0.270465,241.03,881.03,0,0
research_novelty,cheap_model,explicit_change,900,0,0,0.0,0.0,100.0,100.0,0.0,98.89,98.33,31.44,4.72,24.78,3.72,0.167997,242.45,882.45,0,0
research_novelty,cheap_model,explicit_change,900,0,0,0.0,0.0,100.0,100.0,0.0,99.44,97.78,16.89,2.53,10.22,1.53,0.069312,243.52,883.52,0,0
research_novelty,cheap_model,explicit_change,900,0,0,0.0,0.0,100.0,100.0,0.0,100.0,97.22,0.0,0.0,-6.67,-1.0,-0.045201,244.57,884.57,0,0
research_novelty,small_classifier,explicit_change,900,900,0,0.0,0.0,0.425,0.3333,0.0,97.22,100.0,100.0,15.0,100.0,15.0,0.678015,0.03,640.03,0,0
research_novelty,small_classifier,explicit_change,900,900,0,0.0,0.0,0.425,0.3333,0.0,97.22,100.0,100.0,15.0,100.0,15.0,0.678015,0.03,640.03,0,0
research_novelty,small_classifier,explicit_change,900,900,0,0.0,0.0,0.425,0.3333,0.0,97.22,100.0,100.0,15.0,100.0,15.0,0.678015,0.03,640.03,0,0
research_novelty,small_classifier,explicit_change,900,900,0,0.0,0.0,0.425,0.3333,0.0,97.22,100.0,100.0,15.0,100.0,15.0,0.678015,0.03,640.03,0,0
research_novelty,small_classifier,explicit_change,900,900,0,0.0,0.0,0.425,0.3333,0.0,97.22,100.0,100.0,15.0,100.0,15.0,0.678015,0.03,640.03,0,0
research_novelty,small_classifier,explicit_change,900,900,0,0.0,0.0,0.425,0.3333,0.0,97.22,100.0,100.0,15.0,100.0,15.0,0.678015,0.03,640.03,0,0
research_novelty,small_classifier,explicit_change,900,900,0,0.0,0.0,0.425,0.3333,0.0,97.22,100.0,100.0,15.0,100.0,15.0,0.678015,0.03,640.03,0,0
research_novelty,small_classifier,explicit_change,900,900,0,0.0,0.0,0.425,0.3333,0.0,97.22,100.0,100.0,15.0,100.0,15.0,0.678015,0.03,640.03,0,0
research_novelty,small_classifier,explicit_change,900,900,0,0.0,0.0,0.425,0.3333,0.0,97.22,100.0,100.0,15.0,100.0,15.0,0.678015,0.03,640.03,0,0
research_novelty,microloop,explicit_change,900,0,0,0.0,0.0,100.0,100.0,0.0,100.0,97.22,0.0,0.0,0.0,0.0,0.0,192.31,832.31,0,0
research_novelty,microloop,explicit_change,900,0,0,0.0,0.0,100.0,100.0,0.0,100.0,97.22,0.0,0.0,0.0,0.0,0.0,192.31,832.31,0,0
research_novelty,microloop,explicit_change,900,0,0,0.0,0.0,100.0,100.0,0.0,100.0,97.22,0.0,0.0,0.0,0.0,0.0,192.31,832.31,0,0
research_novelty,microloop,explicit_change,900,0,0,0.0,0.0,100.0,100.0,0.0,100.0,97.22,0.0,0.0,0.0,0.0,0.0,192.31,832.31,0,0
research_novelty,microloop,explicit_change,900,0,0,0.0,0.0,100.0,100.0,0.0,100.0,97.22,0.0,0.0,0.0,0.0,0.0,192.31,832.31,0,0
